{"layout":{"sections":[{"contents":[{"type":"positions","name":"topbar-l","col":"auto","xl":"","lg":"","md":"","sm":"","xs":"","hidden_lg":"","hidden_xl":"","hidden_md":"","hidden_sm":"","hidden_xs":"","style":"no","extra_class":"","element":null,"block":null,"positions":"topbar-l","module":null,"sortableitem":"[object Object]"},{"type":"positions","name":"topbar-r","col":"auto","xl":"","lg":"","md":"","sm":"","xs":"","hidden_lg":"","hidden_xl":"","hidden_md":"","hidden_sm":"","hidden_xs":"","style":"no","extra_class":"text-right","module":null,"positions":"topbar-r","block":null,"element":null,"sortableitem":"[object Object]"}],"sectionid":1,"layout":"auto+auto","name":"Topbar","container":"container","cols":2,"padding":"","margin":"","extra_class":"","sticky":"","color_pattern":"blue","overlay_type":"","background_repeat":null,"background_size":null,"background_attachment":null,"background_position":null,"video_type":null,"video_id":"","file_cover":"","file_mp4":"","file_webm":"","file_ogg":"","opacity":0.5},{"contents":[{"type":"block","name":"header-4","col":12,"xl":"","lg":"","md":"","sm":"","xs":"","hidden_lg":"","hidden_xl":"","hidden_md":"","hidden_sm":"","hidden_xs":"","style":null,"extra_class":"","element":null,"block":"header-4","positions":"","module":null,"sortableitem":"[object Object]"}],"layout":"12","sectionid":1,"name":"Header","container":"container","cols":"1","padding":"","margin":"","extra_class":"border-bottom","sticky":"top","color_pattern":"mainnav","overlay_type":"","background_image":"","background_repeat":null,"background_size":null,"background_attachment":null,"background_position":null,"video_type":null,"video_id":"","file_cover":"","file_mp4":"","file_webm":"","file_ogg":"","opacity":"0.5"},{"contents":[{"type":"element","name":"masthead","col":12,"xl":"","lg":"","md":"","sm":"","xs":"","hidden_lg":"","hidden_xl":"","hidden_md":"","hidden_sm":"","hidden_xs":"","style":"","extra_class":"text-center","module":"","positions":"","block":"","element":"masthead","device":"def","idx":0}],"opacity":0.5,"file_ogg":"","file_webm":"","file_mp4":"","file_cover":"","video_id":"","video_type":"","overlay_type":"","cols":1,"sectionid":1,"sticky":"","margin":"","padding":"","background_position":"","background_attachment":"","background_size":"","background_repeat":"","color_pattern":"blue","background_image":"","extra_class":"","container":"","layout":12,"name":"Masthead","type":"row"},{"contents":[{"type":"positions","name":"sidebar-l","col":3,"xl":"","lg":"","md":"","sm":"","xs":"","hidden_lg":"","hidden_xl":"","hidden_md":"","hidden_sm":"","hidden_xs":"","style":"JAxhtml","extra_class":"","device":"def","idx":0,"module":"","positions":"sidebar-l","block":"","element":""},{"type":"component","name":"","col":6,"xl":"","lg":"","md":"","sm":"","xs":"","hidden_lg":"","hidden_xl":"","hidden_md":"","hidden_sm":"","hidden_xs":"","style":"","extra_class":"","device":"def","idx":1},{"type":"positions","name":"sidebar-r","col":3,"xl":"","lg":"","md":"","sm":"","xs":"","hidden_lg":"","hidden_xl":"","hidden_md":"","hidden_sm":"","hidden_xs":"","style":"JAxhtml","extra_class":"","device":"def","module":"","positions":"sidebar-r","block":"","element":"","idx":2}],"opacity":0.5,"file_ogg":"","file_webm":"","file_mp4":"","file_cover":"","video_id":"","video_type":"","overlay_type":"","cols":3,"widths":"3+6+3","sticky":"","margin":"","padding":"","background_position":"","background_attachment":"","background_size":"","background_repeat":"","color_pattern":"","background_image":"","extra_class":"","container":1,"layout":"3+6+3","name":"Main body","type":"row"},{"contents":[{"type":"module","name":"Breadcrumbs","col":12,"xl":"","lg":"","md":"","sm":"","xs":"","hidden_lg":"","hidden_xl":"","hidden_md":"","hidden_sm":"","hidden_xs":"","style":"no","extra_class":"","device":"xs","idx":0,"modname":"mod_breadcrumbs","title":"Breadcrumbs","element":"","block":"","positions":"","module":"Breadcrumbs"}],"opacity":0.5,"file_ogg":"","file_webm":"","file_mp4":"","file_cover":"","video_id":"","video_type":null,"background_position":null,"background_attachment":null,"background_size":null,"background_repeat":null,"background_image":"","overlay_type":"","color_pattern":"","sticky":"","extra_class":"","margin":"","padding":"","cols":1,"container":"","name":"Breadcrumbs","sectionid":1,"layout":12,"type":"row"},{"contents":[{"type":"positions","name":"footnav-1","col":2,"xl":"","lg":"","md":"","sm":"auto","xs":12,"hidden_lg":"","hidden_xl":"","hidden_md":"","hidden_sm":"","hidden_xs":"","style":"JAxhtml","extra_class":"","title":"Breadcrumbs","modname":"mod_breadcrumbs","module":"","positions":"footnav-1","block":"","element":"","idx":0,"device":"xs","sortableitem":"[object Object]"},{"type":"positions","name":"footnav-2","col":2,"xl":"","lg":"","md":"","sm":"auto","xs":12,"hidden_lg":"","hidden_xl":"","hidden_md":"","hidden_sm":"","hidden_xs":"","style":"JAxhtml","extra_class":"","modname":"mod_breadcrumbs","title":"Breadcrumbs","idx":1,"module":"","positions":"footnav-2","block":"","element":"","device":"xs","sortableitem":"[object Object]"},{"type":"positions","name":"footnav-3","col":2,"xl":"","lg":"","md":"","sm":"auto","xs":12,"hidden_lg":"","hidden_xl":"","hidden_md":"","hidden_sm":"","hidden_xs":"","style":"JAxhtml","extra_class":"","modname":"mod_breadcrumbs","title":"Breadcrumbs","idx":2,"module":"","positions":"footnav-3","block":"","element":"","device":"xs","sortableitem":"[object Object]"},{"type":"positions","name":"footnav-4","col":"auto","xl":"","lg":"","md":"","sm":"auto","xs":12,"hidden_lg":"","hidden_xl":"","hidden_md":"","hidden_sm":"","hidden_xs":"","style":"JAxhtml","extra_class":"","modname":"mod_breadcrumbs","title":"Breadcrumbs","idx":3,"module":"","positions":"footnav-4","block":"","element":"","device":"xs","sortableitem":"[object Object]"}],"opacity":0.5,"file_ogg":"","file_webm":"","file_mp4":"","file_cover":"","video_id":"","video_type":null,"background_position":null,"background_attachment":null,"background_size":null,"background_repeat":null,"overlay_type":"","color_pattern":"dark","sticky":"","extra_class":"","margin":"","padding":"","cols":5,"container":"","name":"Footnav","sectionid":1,"layout":"2+2+2+auto","type":"row","background_image":""},{"contents":[{"type":"positions","name":"footer","col":"auto","xl":"","lg":"","md":"","sm":"","xs":"","hidden_lg":"","hidden_xl":"","hidden_md":"","hidden_sm":"","hidden_xs":"","style":"","extra_class":"","modname":"mod_breadcrumbs","title":"Breadcrumbs","element":"","block":"","positions":"footer","module":"","idx":0,"device":"def"},{"type":"row","name":"none","col":3,"xl":"","lg":"","md":"","sm":"","xs":"","hidden_lg":"","hidden_xl":"","hidden_md":"","hidden_sm":"","hidden_xs":"","style":"","extra_class":"","idx":1,"device":"def"}],"layout":"auto+3","type":"row","name":"Footer","container":1,"cols":2,"padding":"","margin":"","extra_class":"","sticky":"","color_pattern":"dark","overlay_type":"","background_image":"","background_repeat":null,"background_size":null,"background_attachment":null,"background_position":null,"video_type":null,"video_id":"","file_cover":"","file_mp4":"","file_webm":"","file_ogg":"","opacity":0.5}],"settings":{"assets":[],"fonts":[]}}}