{"layout":{"sections":[{"contents":[{"type":"block","name":"header-2","col":12,"xl":"","lg":"","md":"","sm":"","xs":"","hidden_lg":"","hidden_xl":"","hidden_md":"","hidden_sm":"","hidden_xs":"","style":null,"extra_class":"","element":null,"block":"header-2","positions":"","module":null,"sortableitem":"[object Object]"}],"sectionid":1,"layout":"12","name":"Header","container":"","cols":"1","padding":"","margin":"","extra_class":"border-bottom","sticky":"","color_pattern":"","overlay_type":"","background_repeat":null,"background_size":null,"background_attachment":null,"background_position":null,"video_type":null,"video_id":"","file_cover":"","file_mp4":"","file_webm":"","file_ogg":"","opacity":"0.5"},{"contents":[{"type":"element","name":"masthead","col":12,"xl":"","lg":"","md":"","sm":"","xs":"","hidden_lg":"","hidden_xl":"","hidden_md":"","hidden_sm":"","hidden_xs":"","style":"","extra_class":"text-center","idx":0,"device":"def","element":"masthead","block":"","positions":"","module":""}],"type":"row","name":"Masthead","layout":12,"container":"","extra_class":"","background_image":"","color_pattern":"blue","background_repeat":"","background_size":"","background_attachment":"","background_position":"","padding":"","margin":"","sticky":"","sectionid":1,"cols":1,"overlay_type":"","video_type":"","video_id":"","file_cover":"","file_mp4":"","file_webm":"","file_ogg":"","opacity":0.5},{"contents":[{"type":"positions","name":"sidebar-l","col":3,"xl":"","lg":"","md":"","sm":"","xs":"","hidden_lg":"","hidden_xl":"","hidden_md":"","hidden_sm":"","hidden_xs":"","style":"JAxhtml","extra_class":"","element":"","block":"","positions":"sidebar-l","module":"","idx":0,"device":"def"},{"type":"component","name":"","col":6,"xl":"","lg":"","md":"","sm":"","xs":"","hidden_lg":"","hidden_xl":"","hidden_md":"","hidden_sm":"","hidden_xs":"","style":"","extra_class":"","idx":1,"device":"def"},{"type":"positions","name":"sidebar-r","col":3,"xl":"","lg":"","md":"","sm":"","xs":"","hidden_lg":"","hidden_xl":"","hidden_md":"","hidden_sm":"","hidden_xs":"","style":"JAxhtml","extra_class":"","idx":2,"element":"","block":"","positions":"sidebar-r","module":"","device":"def"}],"type":"row","name":"Main body","layout":"3+6+3","container":1,"extra_class":"","background_image":"","color_pattern":"","background_repeat":"","background_size":"","background_attachment":"","background_position":"","padding":"","margin":"","sticky":"","widths":"3+6+3","cols":3,"overlay_type":"","video_type":"","video_id":"","file_cover":"","file_mp4":"","file_webm":"","file_ogg":"","opacity":0.5},{"contents":[{"type":"module","name":"Breadcrumbs","col":12,"xl":"","lg":"","md":"","sm":"","xs":"","hidden_lg":"","hidden_xl":"","hidden_md":"","hidden_sm":"","hidden_xs":"","style":"no","extra_class":"","module":"Breadcrumbs","positions":"","block":"","element":"","title":"Breadcrumbs","modname":"mod_breadcrumbs","idx":0,"device":"xs"}],"type":"row","layout":12,"sectionid":1,"name":"Breadcrumbs","container":"","cols":1,"padding":"","margin":"","extra_class":"","sticky":"","color_pattern":"","overlay_type":"","background_image":"","background_repeat":null,"background_size":null,"background_attachment":null,"background_position":null,"video_type":null,"video_id":"","file_cover":"","file_mp4":"","file_webm":"","file_ogg":"","opacity":0.5},{"contents":[{"type":"positions","name":"footnav-1","col":2,"xl":"","lg":"","md":"","sm":"auto","xs":12,"hidden_lg":"","hidden_xl":"","hidden_md":"","hidden_sm":"","hidden_xs":"","style":"JAxhtml","extra_class":"","device":"xs","idx":0,"element":"","block":"","positions":"footnav-1","module":"","modname":"mod_breadcrumbs","title":"Breadcrumbs"},{"type":"positions","name":"footnav-2","col":2,"xl":"","lg":"","md":"","sm":"auto","xs":12,"hidden_lg":"","hidden_xl":"","hidden_md":"","hidden_sm":"","hidden_xs":"","style":"JAxhtml","extra_class":"","device":"xs","element":"","block":"","positions":"footnav-2","module":"","idx":1,"title":"Breadcrumbs","modname":"mod_breadcrumbs"},{"type":"positions","name":"footnav-3","col":2,"xl":"","lg":"","md":"","sm":"auto","xs":12,"hidden_lg":"","hidden_xl":"","hidden_md":"","hidden_sm":"","hidden_xs":"","style":"JAxhtml","extra_class":"","device":"xs","element":"","block":"","positions":"footnav-3","module":"","idx":2,"title":"Breadcrumbs","modname":"mod_breadcrumbs"},{"type":"positions","name":"footnav-4","col":"auto","xl":"","lg":"","md":"","sm":"auto","xs":12,"hidden_lg":"","hidden_xl":"","hidden_md":"","hidden_sm":"","hidden_xs":"","style":"JAxhtml","extra_class":"","device":"xs","element":"","block":"","positions":"footnav-4","module":"","idx":3,"title":"Breadcrumbs","modname":"mod_breadcrumbs"}],"opacity":0.5,"file_ogg":"","file_webm":"","file_mp4":"","file_cover":"","video_id":"","video_type":null,"background_position":null,"background_attachment":null,"background_size":null,"background_repeat":null,"background_image":"","overlay_type":"","color_pattern":"dark","sticky":"","extra_class":"","margin":"","padding":"","cols":5,"container":"","name":"Footnav","type":"row","layout":"2+2+2+auto","sectionid":1},{"contents":[{"type":"positions","name":"footer","col":"auto","xl":"","lg":"","md":"","sm":"","xs":"","hidden_lg":"","hidden_xl":"","hidden_md":"","hidden_sm":"","hidden_xs":"","style":"","extra_class":"","device":"def","idx":0,"module":"","positions":"footer","block":"","element":"","title":"Breadcrumbs","modname":"mod_breadcrumbs"},{"type":"row","name":"none","col":3,"xl":"","lg":"","md":"","sm":"","xs":"","hidden_lg":"","hidden_xl":"","hidden_md":"","hidden_sm":"","hidden_xs":"","style":"","extra_class":"","device":"def","idx":1}],"opacity":0.5,"file_ogg":"","file_webm":"","file_mp4":"","file_cover":"","video_id":"","video_type":null,"background_position":null,"background_attachment":null,"background_size":null,"background_repeat":null,"background_image":"","overlay_type":"","color_pattern":"","sticky":"","extra_class":"","margin":"","padding":"","cols":2,"container":1,"name":"Footer","type":"row","layout":"auto+3"}],"settings":{"assets":[],"fonts":[]}}}