{"layout":{"sections":[{"contents":[{"type":"block","name":"header-2","col":12,"xl":"","lg":"","md":"","sm":"","xs":"","hidden_lg":"","hidden_xl":"","hidden_md":"","hidden_sm":"","hidden_xs":"","style":null,"extra_class":"","idx":0,"modname":"","title":"","device":"def","module":null,"positions":"","block":"header-2","element":null,"sortableitem":"[object Object]"}],"type":"row","layout":"12","name":"Header","container":"container","cols":"1","padding":"","margin":"","extra_class":"","sticky":"","color_pattern":"","overlay_type":"","background_image":"","background_repeat":"no-repeat","background_size":"cover","background_attachment":"fixed","background_position":"50% 50%","video_type":null,"video_id":"","file_cover":"","file_mp4":"","file_webm":"","file_ogg":"","opacity":"0.5"},{"contents":[{"type":"positions","name":"slideshow","col":12,"xl":"","lg":"","md":"","sm":"","xs":"","hidden_lg":"","hidden_xl":"","hidden_md":"","hidden_sm":"","hidden_xs":"","style":"raw","extra_class":"","title":"","modname":"","idx":0,"device":"def"}],"type":"row","layout":12,"name":"sideshow","container":"","cols":1,"padding":"","margin":"","extra_class":"","sticky":"","color_pattern":"blue","overlay_type":"","background_image":"","background_repeat":"no-repeat","background_size":"cover","background_attachment":"fixed","background_position":"50% 100%","video_type":null,"video_id":"","file_cover":"","file_mp4":"","file_webm":"","file_ogg":"","opacity":0.5},{"contents":[{"type":"positions","name":"section-1","col":12,"xl":"","lg":"","md":"","sm":"","xs":"","hidden_lg":"","hidden_xl":"","hidden_md":"","hidden_sm":"","hidden_xs":"","style":"","extra_class":"fsdfsd","device":"def","title":"","modname":"","idx":0}],"opacity":0.5,"file_ogg":"","file_webm":"","file_mp4":"","file_cover":"","video_id":"","video_type":null,"background_position":null,"background_attachment":null,"background_size":null,"background_repeat":null,"background_image":"","overlay_type":"","color_pattern":"gray","sticky":"","extra_class":"","margin":"","padding":"","cols":1,"container":"","name":"section-1","type":"row","layout":12},{"contents":[{"type":"positions","name":"section-2","col":12,"xl":"","lg":"","md":"","sm":"","xs":"","hidden_lg":"","hidden_xl":"","hidden_md":"","hidden_sm":"","hidden_xs":"","style":"","extra_class":"","title":"","modname":"","idx":0,"device":"def"}],"type":"row","layout":12,"name":"section-2","container":"","cols":1,"padding":"","margin":"","extra_class":"","sticky":"","color_pattern":"","overlay_type":"","background_image":"","background_repeat":null,"background_size":null,"background_attachment":null,"background_position":null,"video_type":null,"video_id":"","file_cover":"","file_mp4":"","file_webm":"","file_ogg":"","opacity":0.5},{"contents":[{"type":"positions","name":"section-3","col":12,"xl":"","lg":"","md":"","sm":"","xs":"","hidden_lg":"","hidden_xl":"","hidden_md":"","hidden_sm":"","hidden_xs":"","style":"","extra_class":"","device":"def","title":"","modname":"","idx":0}],"opacity":0.5,"file_ogg":"","file_webm":"","file_mp4":"","file_cover":"","video_id":"","video_type":null,"background_position":null,"background_attachment":null,"background_size":null,"background_repeat":null,"background_image":"","overlay_type":"","color_pattern":"gray","sticky":"","extra_class":"","margin":"","padding":"","cols":1,"container":"","name":"section-3","type":"row","layout":12},{"contents":[{"type":"positions","name":"section-4","col":12,"xl":"","lg":"","md":"","sm":"","xs":"","hidden_lg":"","hidden_xl":"","hidden_md":"","hidden_sm":"","hidden_xs":"","style":"","extra_class":"","device":"def","idx":0,"modname":"","title":""}],"opacity":0.5,"file_ogg":"","file_webm":"","file_mp4":"","file_cover":"","video_id":"","video_type":null,"background_position":null,"background_attachment":null,"background_size":null,"background_repeat":null,"background_image":"","overlay_type":"","color_pattern":"","sticky":"","extra_class":"","margin":"","padding":"","cols":1,"container":"","name":"section-4","type":"row","layout":12},{"contents":[{"type":"positions","name":"section-5","col":12,"xl":"","lg":"","md":"","sm":"","xs":"","hidden_lg":"","hidden_xl":"","hidden_md":"","hidden_sm":"","hidden_xs":"","style":"","extra_class":"","device":"def","idx":0,"modname":"","title":""}],"opacity":0.5,"file_ogg":"","file_webm":"","file_mp4":"","file_cover":"","video_id":"","video_type":null,"background_position":"50% 50%","background_attachment":null,"background_size":null,"background_repeat":"no-repeat","background_image":"images/demo/misc/wm-bg.png","overlay_type":"","color_pattern":"blue","sticky":"","extra_class":"","margin":"","padding":"","cols":1,"container":"","name":"section-5","type":"row","layout":12},{"contents":[{"type":"positions","name":"footnav-1","col":2,"xl":"","lg":"","md":"","sm":"","xs":"","hidden_lg":"","hidden_xl":"","hidden_md":"","hidden_sm":"","hidden_xs":"","style":"JAxhtml","extra_class":"","sortableitem":"[object Object]","title":"","modname":"","idx":0,"device":"def"},{"type":"positions","name":"footnav-2","col":2,"xl":"","lg":"","md":"","sm":"","xs":"","hidden_lg":"","hidden_xl":"","hidden_md":"","hidden_sm":"","hidden_xs":"","style":"JAxhtml","extra_class":"","sortableitem":"[object Object]","title":"","modname":"","idx":1,"device":"def"},{"type":"positions","name":"footnav-3","col":2,"xl":"","lg":"","md":"","sm":"","xs":"","hidden_lg":"","hidden_xl":"","hidden_md":"","hidden_sm":"","hidden_xs":"","style":"JAxhtml","extra_class":"","sortableitem":"[object Object]","title":"","modname":"","idx":2,"device":"def"},{"type":"positions","name":"footnav-4","col":"auto","xl":"","lg":"","md":"","sm":"","xs":"","hidden_lg":"","hidden_xl":"","hidden_md":"","hidden_sm":"","hidden_xs":"","style":"JAxhtml","extra_class":"","sortableitem":"[object Object]","title":"","modname":"","idx":3,"device":"def"}],"opacity":0.5,"file_ogg":"","file_webm":"","file_mp4":"","file_cover":"","video_id":"","video_type":null,"background_position":null,"background_attachment":null,"background_size":null,"background_repeat":null,"background_image":"","overlay_type":"","color_pattern":"dark","sticky":"","extra_class":"","margin":"","padding":"","cols":1,"container":1,"name":"footnav","type":"row","layout":"2+2+2+auto"},{"contents":[{"type":"positions","name":"footer","col":10,"xl":"","lg":"","md":"","sm":"","xs":"","hidden_lg":"","hidden_xl":"","hidden_md":"","hidden_sm":"","hidden_xs":"","style":"raw","extra_class":"","title":"","modname":"","idx":0,"device":"def"},{"type":"positions","name":"footer-logo","col":2,"xl":"","lg":"","md":"","sm":"","xs":"","hidden_lg":"","hidden_xl":"","hidden_md":"","hidden_sm":"","hidden_xs":"","style":"raw","extra_class":"","title":"","modname":"","idx":1,"device":"def"}],"type":"row","layout":"10+2","name":"footer","container":1,"cols":1,"padding":"","margin":"","extra_class":"","sticky":"","color_pattern":"","overlay_type":"","background_image":"","background_repeat":null,"background_size":null,"background_attachment":null,"background_position":null,"video_type":null,"video_id":"","file_cover":"","file_mp4":"","file_webm":"","file_ogg":"","opacity":0.5}],"settings":{"assets":[],"fonts":[]}}}