{"site_name":"","site_slogan":"","site_logo":"images\/demo\/misc\/t4-blank-logo.png","site_logo_small":"","other_faviconFile":"","other_backToTop":"","dont_use_google_font":"","body_font_family":"Roboto","body_font_weight":"","body_font_size":"15px","body_line_height":"1.5","letter_spacing":"0px","heading_font_family":"Roboto","heading_font_weight":"","heading_line_height":"1.4","heading_letter_spacing":"0px","h1_font_size":"40px","h2_font_size":"32px","h3_font_size":"28px","h4_font_size":"24px","h5_font_size":"20px","h6_font_size":"16px","body_bg_img":"","body_bg_img_repeat":"repeat","body_bg_img_size":"","body_bg_img_attachment":"scroll","body_bg_img_position":"left top"}