{"site_name":"","site_slogan":"","site_logo":"images\/demo\/misc\/t4-blank-logo.png","site_logo_small":"","dont_use_google_font":false,"body_font_load_weights":"300,400,500,600,700","body_font_family":"Inter","body_font_style":"normal","body_font_weight":"400","body_font_size":"16px","body_line_height":"1.5","letter_spacing":"0px","heading_font_load_weights":"400,400i","heading_font_family":"DM Serif Text","heading_font_style":"normal","heading_font_weight":"400","heading_line_height":"1.3","heading_letter_spacing":"0","h1_font_size":"46px","h2_font_size":"32px","h3_font_size":"28px","h4_font_size":"24px","h5_font_size":"20px","h6_font_size":"16px","body_bg_img":"","body_bg_img_repeat":"repeat","body_bg_img_size":"","body_bg_img_attachment":"scroll","body_bg_img_position":"left top","other_faviconFile":"","other_backToTop":false,"author_position":"after_content","author_link":"1","author_show_avatar":true}