{"body_font_load_weights":"","body_font_family":"Roboto","body_font_style":"inherit","body_font_weight":"","body_font_size":"15px","body_line_height":"1.5","letter_spacing":"0px","heading_font_load_weights":"","heading_font_family":"Roboto","heading_font_style":"inherit","heading_font_weight":"","heading_line_height":"1.4","heading_letter_spacing":"0px","h1_font_size":"40px","h2_font_size":"32px","h3_font_size":"28px","h4_font_size":"24px","h5_font_size":"20px","h6_font_size":"16px","body_text_color":"#212529","link_color":"color primary","link_hover_color":"link hover","body_bg_color":"#ffffff","body_bg_img":"","body_bg_img_repeat":"repeat","body_bg_img_size":"","body_bg_img_attachment":"scroll","body_bg_img_position":"left top","color_primary":"#1a61ab","color_secondary":"#6c757d","color_success":"#28a745","color_info":"#17a2b8","color_warning":"#ffc107","color_danger":"#dc3545","color_light":"#f8f9fa","color_dark":"#212529","color_white":"#ffffff","color_black":"#000000","special_font_load_weights":"","special_font_family":"","body_link_color":"#1a61ab","body_link_hover_color":"#0056b3","mainnav_text_color":"#212529","mainnav_link_color":"#212529","mainnav_link_hover_color":"#007bff","mainnav_link_active_color":"#007bff","footer_bg_color":"#212529","footer_text_color":"#6c757d","footer_link_color":"#6c757d","footer_link_hover_color":"#fff","styles_palettes":"{\"blue\":{\"class\":\"blue\",\"status\":\"org\",\"title\":\"Primary\",\"background_color\":\"#1a61ab\",\"text_color\":\"#f8f9fa\",\"link_color\":\"#ffffff\",\"link_hover_color\":\"#ffffff\"},\"dark\":{\"class\":\"dark\",\"status\":\"org\",\"title\":\"Dark\",\"background_color\":\"#212529\",\"text_color\":\"#6c757d\",\"link_color\":\"#6c757d\",\"link_hover_color\":\"#ffffff\"},\"light\":{\"class\":\"light\",\"status\":\"org\",\"title\":\"Light\",\"background_color\":\"#ffffff\",\"text_color\":\"#6c757d\",\"link_color\":\"link\",\"link_hover_color\":\"#0056b3\",\"link_active_color\":\"#28a745\"},\"gray\":{\"class\":\"gray\",\"status\":\"org\",\"title\":\"Gray\",\"background_color\":\"#f8f9fa\",\"text_color\":\"#6c757d\",\"link_color\":\"#1a61ab\",\"link_hover_color\":\"#0056b3\"},\"mainnav\":{\"class\":\"mainnav\",\"status\":\"org\",\"title\":\"Mainnav\",\"background_color\":\"#ffffff\",\"text_color\":\"#6c757d\",\"link_color\":\"#6c757d\",\"link_hover_color\":\"#0056b3\"}}"}