{"menu_type":"mainmenu","mega_settings":"{\"mainmenu\":{\"101\":{\"megabuild\":0,\"align\":\"left\",\"settings\":[{\"contents\":[]}],\"id\":true,\"megamenu\":1},\"103\":{\"align\":\"left\",\"settings\":[{\"contents\":[]}],\"id\":true},\"107\":{\"align\":\"left\",\"settings\":[{\"contents\":[]}],\"id\":true},\"131\":{\"width\":\"800px\",\"megabuild\":0,\"align\":\"left\",\"settings\":[{\"contents\":[{\"name\":\"Selected Items\",\"type\":\"items\",\"style\":null,\"title\":\"Joomla Pages\",\"col\":\"auto\",\"module\":null,\"position\":\"\",\"items\":\"132,133,134,140\",\"uiresizable\":\"[object Object]\"}]}],\"megamenu\":0,\"megabuild131\":\"\",\"id\":true},\"162\":{\"width\":\"800px\",\"megabuild\":1,\"align\":\"left\",\"settings\":[{\"contents\":[{\"name\":\"Selected Items\",\"type\":\"items\",\"style\":null,\"title\":\"Header variantions\",\"col\":\"auto\",\"uiresizable\":\"[object Object]\",\"module\":null,\"position\":\"\",\"items\":\"164,165,166,167\"},{\"name\":\"Selected Items\",\"type\":\"items\",\"style\":null,\"title\":\"Position layouts\",\"col\":\"auto\",\"uiresizable\":\"[object Object]\",\"module\":null,\"position\":null,\"items\":\"136,139,137,138\"},{\"name\":\"Sample module\",\"type\":\"module\",\"style\":\"JAxhtml\",\"title\":\"\",\"col\":\"auto\",\"uiresizable\":\"[object Object]\",\"module\":\"Sample module\",\"position\":null,\"items\":\"136,139,137,138\",\"module_id\":120,\"modname\":\"mod_custom\"}]},{\"contents\":[{\"name\":\"Mega banner\",\"type\":\"module\",\"style\":\"no\",\"title\":\"\",\"col\":\"auto\",\"module\":\"Mega banner\",\"position\":\"\",\"items\":\"\",\"module_id\":\"122\",\"modname\":\"mod_custom\"}]}],\"name\":\"None\",\"col\":\"auto\",\"type\":\"\",\"id\":true,\"megabuild162\":\"\"}}}","mega_effect":"slide","mega_duration":"","mega_showsm":true,"oc_enabled":true,"oc_pos_name":"off-canvas","oc_pos_style":"JAxhtml","oc_effect":null,"oc_rightside":false,"oc_showlg":false,"option_breakpoint":"lg"}